city,state,banana
Anchorage,AK,
Juneau,AK,juneauAK
Alexander City,AL,
Anniston,AL,
Athens,AL,
Auburn,AL,auburnAL
Birmingham,AL,
Boaz,AL,
Calera,AL,
Center Point,AL,
Chelsea,AL,
Cullman,AL,
Daphne,AL,daphneAL
Decatur,AL,decaturAL
Dothan,AL,dothanAL
Enterprise,AL,
Fairhope,AL,
Florence,AL,florenceAL
Fort Payne,AL,
Gadsden,AL,
Gulf Shores,AL,gulfshoresAL
Hartselle,AL,
Homewood,AL,
Hoover,AL,
Hueytown,AL,
Huntsville,AL,huntsvilleAL
Irondale,AL,
Jacksonville,AL,
Jasper,AL,
Madison,AL,madisonAL
Mobile,AL,mobileAL
Montgomery,AL,montgomeryAL
Northport,AL,
Opelika,AL,
Ozark,AL,
Pelham,AL,
Phenix City,AL,
Pleasant Grove,AL,
Prattville,AL,
Rainbow City,AL,
Scottsboro,AL,
Selma,AL,
Southside,AL,
Spanish Fort,AL,
Sylacauga,AL,
Talladega,AL,
Troy,AL,
Trussville,AL,
Tuscaloosa,AL,
Vestavia Hills,AL,
Batesville,AR,
Bella Vista,AR,
Benton,AR,
Bentonville,AR,
Blytheville,AR,
Bryant,AR,
Cabot,AR,
Camden,AR,
Centerton,AR,
Clarksville,AR,
Conway,AR,
Fayetteville,AR,fayettevilleAR
Forrest City,AR,
Fort Smith,AR,fortsmithAR
Greenwood,AR,
Helena-West Helena,AR,
Hot Springs,AR,
Jacksonville,AR,jacksonvilleAR
Jonesboro,AR,jonesboroAR
Little Rock,AR,littlerockAR
Magnolia,AR,
Maumelle,AR,
Mountain Home,AR,
North Little Rock,AR,
Paragould,AR,
Pine Bluff,AR,
Russellville,AR,russellvilleAR
Searcy,AR,
Sherwood,AR,
Siloam Springs,AR,
Springdale,AR,
Texarkana,AR,texarkanaAR
Van Buren,AR,
West Memphis,AR,
Apache Junction,AZ,apachejunctionAZ
Avondale,AZ,avondaleAZ
Buckeye,AZ,buckeyeAZ
Bullhead City,AZ,bullheadcityAZ
Casa Grande,AZ,casagrandeAZ
Chandler,AZ,chandlerAZ
Chino Valley,AZ,
Coolidge,AZ,coolidgeAZ
Cottonwood,AZ,
Douglas,AZ,
El Mirage,AZ,elmirageAZ
Eloy,AZ,eloyAZ
Flagstaff,AZ,
Florence,AZ,
Fountain Hills,AZ,fountainhillsAZ
Gilbert,AZ,gilbertAZ
Glendale,AZ,glendaleAZ
Goodyear,AZ,goodyearAZ
Kingman,AZ,kingmanAZ
Lake Havasu City,AZ,lakehavasucityAZ
Marana,AZ,
Maricopa,AZ,maricopaAZ
Mesa,AZ,mesaAZ
Nogales,AZ,
Oro Valley,AZ,
Paradise Valley,AZ,paradisevalleyAZ
Payson,AZ,
Peoria,AZ,peoriaAZ
Phoenix,AZ,phoenixAZ
Prescott Valley,AZ,prescottvalleyAZ
Prescott,AZ,prescottAZ
Queen Creek,AZ,queencreekAZ
Safford,AZ,
Sahuarita,AZ,
San Luis,AZ,
San Tan Valley,AZ,
Scottsdale,AZ,scottsdaleAZ
Sedona,AZ,
Show Low,AZ,
Sierra Vista,AZ,
Somerton,AZ,
Surprise,AZ,surpriseAZ
Tempe,AZ,tempeAZ
Tucson,AZ,tucsonAZ
Yuma,AZ,yumaAZ
Adelanto,CA,
Agoura Hills,CA,
Alameda,CA,alamedaCA
Albany,CA,albanyCA
Alhambra,CA,alhambraCA
Aliso Viejo,CA,alisoviejoCA
Alpine,CA,
American Canyon,CA,americancanyonCA
Anaheim,CA,anaheimCA
Antioch,CA,antiochCA
Apple Valley,CA,applevalleyCA
Arcadia,CA,
Arcata,CA,
Arroyo Grande,CA,
Artesia,CA,
Arvin,CA,
Atascadero,CA,
Atwater,CA,
Auburn,CA,auburnCA
Avenal,CA,
Azusa,CA,azusaCA
Bakersfield,CA,bakersfieldCA
Baldwin Park,CA,baldwinparkCA
Banning,CA,banningCA
Barstow,CA,
Beaumont,CA,beaumontCA
Bell Gardens,CA,bellgardensCA
Bell,CA,
Bellflower,CA,
Belmont,CA,belmontCA
Benicia,CA,beniciaCA
Berkeley,CA,berkeleyCA
Beverly Hills,CA,beverlyhillsCA
Blythe,CA,
Brawley,CA,
Brea,CA,breaCA
Brentwood,CA,brentwoodCA
Buena Park,CA,
Burbank,CA,burbankCA
Burlingame,CA,burlingameCA
Calabasas,CA,calabasasCA
Calexico,CA,
California City,CA,
Calimesa,CA,
Camarillo,CA,camarilloCA
Cameron Park,CA,
Campbell,CA,campbellCA
Canyon Lake,CA,
Capitola,CA,
Carlsbad,CA,
Carpinteria,CA,carpinteriaCA
Carson,CA,carsonCA
Casa de Oro-Mount Helix,CA,
Castro Valley,CA,
Cathedral City,CA,cathedralcityCA
Ceres,CA,
Cerritos,CA,cerritosCA
Chico,CA,chicoCA
Chino Hills,CA,chinohillsCA
Chino,CA,chinoCA
Chowchilla,CA,
Chula Vista,CA,chulavistaCA
Citrus Heights,CA,citrusheightsCA
Claremont,CA,claremontCA
Clayton,CA,claytonCA
Clearlake,CA,
Clovis,CA,clovisCA
Coachella,CA,
Coalinga,CA,
Colton,CA,coltonCA
Commerce,CA,commerceCA
Compton,CA,comptonCA
Concord,CA,concordCA
Corcoran,CA,
Corona,CA,coronaCA
Coronado,CA,coronadoCA
Corte Madera,CA,cortemaderaCA
Costa Mesa,CA,costamesaCA
Covina,CA,covinaCA
Cudahy,CA,cudahyCA
Culver City,CA,culvercityCA
Cupertino,CA,cupertinoCA
Cypress,CA,cypressCA
Daly City,CA,dalycityCA
Dana Point,CA,
Danville,CA,danvilleCA
Davis,CA,davisCA
Delano,CA,
Desert Hot Springs,CA,deserthotspringsCA
Diamond Bar,CA,diamondbarCA
Dixon,CA,dixonCA
Downey,CA,
Duarte,CA,duarteCA
Dublin,CA,dublinCA
East Hemet,CA,
East Palo Alto,CA,eastpaloaltoCA
Eastvale,CA,
El Cajon,CA,elcajonCA
El Centro,CA,
El Cerrito,CA,elcerritoCA
El Dorado Hills,CA,eldoradohillsCA
El Monte,CA,elmonteCA
El Paso de Robles,CA,
El Segundo,CA,
Elk Grove,CA,elkgroveCA
Emeryville,CA,emeryvilleCA
Encinitas,CA,encinitasCA
Escondido,CA,escondidoCA
Eureka,CA,eurekaCA
Exeter,CA,
Fairfield,CA,fairfieldCA
Farmersville,CA,
Fillmore,CA,
Folsom,CA,folsomCA
Fontana,CA,fontanaCA
Fortuna,CA,
Foster City,CA,fostercityCA
Fountain Valley,CA,fountainvalleyCA
Fremont,CA,fremontCA
Fresno,CA,fresnoCA
Fullerton,CA,fullertonCA
Galt,CA,
Garden Grove,CA,gardengroveCA
Gardena,CA,gardenaCA
Gilroy,CA,gilroyCA
Glendale,CA,glendaleCA
Glendora,CA,glendoraCA
Goleta,CA,goletaCA
Grand Terrace,CA,
Grass Valley,CA,
Greenfield,CA,greenfieldCA
Grover Beach,CA,
Half Moon Bay,CA,halfmoonbayCA
Hanford,CA,
Hawaiian Gardens,CA,hawaiiangardensCA
Hawthorne,CA,hawthorneCA
Hayward,CA,haywardCA
Healdsburg,CA,healdsburgCA
Hemet,CA,hemetCA
Hercules,CA,herculesCA
Hermosa Beach,CA,hermosabeachCA
Hesperia,CA,hesperiaCA
Highland,CA,
Hollister,CA,
Huntington Beach,CA,huntingtonbeachCA
Huntington Park,CA,huntingtonparkCA
Imperial Beach,CA,imperialbeachCA
Imperial,CA,
Indio,CA,indioCA
Inglewood,CA,inglewoodCA
Irvine,CA,irvineCA
Jurupa Valley,CA,
King City,CA,kingcityCA
Kingsburg,CA,
La Cañada Flintridge,CA,lacanadaflintridgeCA
La Habra,CA,lahabraCA
La Mesa,CA,lamesaCA
La Mirada,CA,lamiradaCA
La Palma,CA,lapalmaCA
La Puente,CA,lapuenteCA
La Quinta,CA,
La Verne,CA,laverneCA
Lafayette,CA,lafayetteCA
Laguna Beach,CA,lagunabeachCA
Laguna Hills,CA,lagunahillsCA
Laguna Niguel,CA,lagunaniguelCA
Laguna Woods,CA,
Lake Elsinore,CA,lakeelsinoreCA
Lake Forest,CA,lakeforestCA
Lakewood,CA,lakewoodCA
Lancaster,CA,lancasterCA
Larkspur,CA,larkspurCA
Lathrop,CA,
Lawndale,CA,
Lemon Grove,CA,
Lemoore,CA,
Lincoln,CA,lincolnCA
Linda,CA,
Lindsay,CA,
Live Oak,CA,
Livermore,CA,livermoreCA
Livingston,CA,
Lodi,CA,lodiCA
Loma Linda,CA,
Lomita,CA,lomitaCA
Lompoc,CA,
Long Beach,CA,longbeachCA
Los Alamitos,CA,losalamitosCA
Los Altos,CA,losaltosCA
Los Angeles,CA,losangelesCA
Los Banos,CA,
Los Gatos,CA,losgatosCA
Lynwood,CA,lynwoodCA
Madera,CA,maderaCA
Malibu,CA,malibuCA
Manhattan Beach,CA,manhattanbeachCA
Manteca,CA,mantecaCA
Marina,CA,marinaCA
Martinez,CA,martinezCA
Marysville,CA,
Maywood,CA,maywoodCA
McFarland,CA,
McKinleyville,CA,
Mendota,CA,
Menifee,CA,menifeeCA
Menlo Park,CA,menloparkCA
Merced,CA,mercedCA
Mill Valley,CA,millvalleyCA
Millbrae,CA,millbraeCA
Milpitas,CA,milpitasCA
Mission Viejo,CA,missionviejoCA
Modesto,CA,modestoCA
Monrovia,CA,
Montclair,CA,
Montebello,CA,montebelloCA
Monterey Park,CA,montereyparkCA
Monterey,CA,montereyCA
Moraga,CA,moragaCA
Moreno Valley,CA,morenovalleyCA
Morgan Hill,CA,morganhillCA
Morro Bay,CA,
Mountain House,CA,mountainhouseCA
Mountain View,CA,mountainviewCA
Murrieta,CA,murrietaCA
Napa,CA,napaCA
National City,CA,nationalcityCA
Newark,CA,newarkCA
Newman,CA,
Newport Beach,CA,newportbeachCA
Nipomo,CA,
Norco,CA,
Norwalk,CA,norwalkCA
Novato,CA,novatoCA
Oakdale,CA,
Oakland,CA,oaklandCA
Oakley,CA,oakleyCA
Oceanside,CA,oceansideCA
Ontario,CA,ontarioCA
Orange,CA,orangeCA
Orinda,CA,orindaCA
Oroville,CA,
Oxnard,CA,oxnardCA
Pacific Grove,CA,pacificgroveCA
Pacifica,CA,pacificaCA
Palm Desert,CA,palmdesertCA
Palm Springs,CA,palmspringsCA
Palmdale,CA,palmdaleCA
Palo Alto,CA,paloaltoCA
Palos Verdes Estates,CA,palosverdesestatesCA
Paramount,CA,paramountCA
Parlier,CA,
Pasadena,CA,pasadenaCA
Patterson,CA,
Perris,CA,perrisCA
Petaluma,CA,petalumaCA
Pico Rivera,CA,
Piedmont,CA,piedmontCA
Pinole,CA,pinoleCA
Pittsburg,CA,pittsburgCA
Placentia,CA,placentiaCA
Placerville,CA,
Pleasant Hill,CA,pleasanthillCA
Pleasanton,CA,pleasantonCA
Pomona,CA,pomonaCA
Port Hueneme,CA,
Porterville,CA,
Poway,CA,powayCA
Rancho Cordova,CA,ranchocordovaCA
Rancho Cucamonga,CA,ranchocucamongaCA
Rancho Mirage,CA,
Rancho Palos Verdes,CA,ranchopalosverdesCA
Rancho Santa Margarita,CA,ranchosantamargaritaCA
Red Bluff,CA,
Redding,CA,reddingCA
Redlands,CA,redlandsCA
Redondo Beach,CA,redondobeachCA
Redwood City,CA,redwoodcityCA
Rialto,CA,rialtoCA
Richmond,CA,richmondCA
Ridgecrest,CA,
Rio Vista,CA,riovistaCA
Ripon,CA,
Riverbank,CA,
Riverside,CA,riversideCA
Rocklin,CA,rocklinCA
Rohnert Park,CA,rohnertparkCA
Rosedale,CA,
Rosemead,CA,rosemeadCA
Roseville,CA,rosevilleCA
Sacramento,CA,sacramentoCA
Salinas,CA,salinasCA
San Anselmo,CA,sananselmoCA
San Bernardino,CA,sanbernardinoCA
San Bruno,CA,sanbrunoCA
San Buenaventura,CA,venturaCA
San Carlos,CA,sancarlosCA
San Clemente,CA,sanclementeCA
San Diego,CA,sandiegoCA
San Dimas,CA,sandimasCA
San Fernando,CA,
San Francisco,CA,sanfranciscoCA
San Gabriel,CA,sangabrielCA
San Jacinto,CA,
San Jose,CA,sanjoseCA
San Juan Capistrano,CA,sanjuancapistranoCA
San Leandro,CA,sanleandroCA
San Luis Obispo,CA,
San Marcos,CA,sanmarcosCA
San Marino,CA,sanmarinoCA
San Mateo,CA,sanmateoCA
San Pablo,CA,sanpabloCA
San Rafael,CA,sanrafaelCA
San Ramon,CA,sanramonCA
Sanger,CA,
Santa Ana,CA,santaanaCA
Santa Barbara,CA,santabarbaraCA
Santa Clara,CA,santaclaraCA
Santa Clarita,CA,santaclaritaCA
Santa Cruz,CA,santacruzCA
Santa Fe Springs,CA,
Santa Maria,CA,santamariaCA
Santa Monica,CA,santamonicaCA
Santa Paula,CA,
Santa Rosa,CA,santarosaCA
Santee,CA,
Saratoga,CA,saratogaCA
Scotts Valley,CA,
Seal Beach,CA,sealbeachCA
Seaside,CA,seasideCA
Selma,CA,
Shafter,CA,
Shasta Lake,CA,
Sierra Madre,CA,
Signal Hill,CA,signalhillCA
Simi Valley,CA,simivalleyCA
Soledad,CA,soledadCA
Sonoma,CA,sonomaCA
South El Monte,CA,southelmonteCA
South Gate,CA,southgateCA
South Lake Tahoe,CA,
South Pasadena,CA,southpasadenaCA
South San Francisco,CA,southsanfranciscoCA
Stanford,CA,
Stanton,CA,
Stevenson Ranch,CA,
Stockton,CA,stocktonCA
Suisun City,CA,suisuncityCA
Sunnyvale,CA,sunnyvaleCA
Susanville,CA,
Tehachapi,CA,
Temecula,CA,temeculaCA
Temple City,CA,templecityCA
Thousand Oaks,CA,thousandoaksCA
Torrance,CA,torranceCA
Tracy,CA,tracyCA
Truckee,CA,
Tulare,CA,tulareCA
Turlock,CA,
Tustin,CA,tustinCA
Twentynine Palms,CA,
Ukiah,CA,
Union City,CA,unioncityCA
Upland,CA,uplandCA
Vacaville,CA,vacavilleCA
Vallejo,CA,vallejoCA
Victorville,CA,victorvilleCA
Visalia,CA,visaliaCA
Vista,CA,vistaCA
Walnut Creek,CA,walnutcreekCA
Walnut,CA,walnutCA
Wasco,CA,
Watsonville,CA,
West Covina,CA,westcovinaCA
West Hollywood,CA,westhollywoodCA
West Puente Valley,CA,
West Sacramento,CA,
Westminster,CA,westminsterCA
Whittier,CA,whittierCA
Wildomar,CA,
Windsor,CA,windsorCA
Woodcrest,CA,
Woodland,CA,
Yorba Linda,CA,yorbalindaCA
Yuba City,CA,
Yucaipa,CA,
Yucca Valley,CA,
Alamosa,CO,
Arvada,CO,
Aurora,CO,auroraCO
Berthoud,CO,
Boulder,CO,boulderCO
Brighton,CO,brightonCO
Broomfield,CO,broomfieldCO
Cañon City,CO,
Castle Pines,CO,
Castle Rock,CO,castlerockCO
Centennial,CO,
Colorado Springs,CO,coloradospringsCO
Commerce City,CO,commercecityCO
Denver,CO,denverCO
Durango,CO,durangoCO
Englewood,CO,englewoodCO
Erie,CO,erieCO
Evans,CO,evansCO
Firestone,CO,
Fort Collins,CO,
Fort Morgan,CO,
Fountain,CO,
Frederick,CO,
Fruita,CO,
Glenwood Springs,CO,
Golden,CO,goldenCO
Grand Junction,CO,grandjunctionCO
Greeley,CO,greeleyCO
Greenwood Village,CO,
Johnstown,CO,
Lafayette,CO,
Lakewood,CO,
Littleton,CO,littletonCO
Longmont,CO,longmontCO
Louisville,CO,
Loveland,CO,
Montrose,CO,
Monument,CO,
Northglenn,CO,
Parker,CO,parkerCO
Pueblo,CO,puebloCO
Rifle,CO,
Steamboat Springs,CO,
Superior,CO,
Thornton,CO,
Wellington,CO,
Westminster,CO,westminsterCO
Wheat Ridge,CO,
Windsor,CO,
Ansonia,CT,
Bridgeport,CT,
Bristol,CT,bristolCT
Danbury,CT,danburyCT
Hartford,CT,hartfordCT
Meriden,CT,
Middletown,CT,middletownCT
Milford city,CT,
Naugatuck,CT,
New Britain,CT,newbritainCT
New Haven,CT,newhavenCT
New London,CT,
Norwalk,CT,norwalkCT
Norwich,CT,norwichCT
Shelton,CT,
Stamford,CT,stamfordCT
Torrington,CT,
Trumbull Center,CT,
Wallingford Center,CT,
Waterbury,CT,
West Haven,CT,westhavenCT
Washington,DC,washingtonDC
Dover,DE,doverDE
Milford,DE,
Newark,DE,
Smyrna,DE,
Wilmington,DE,wilmingtonDE
Altamonte Springs,FL,altamontespringsFL
Apopka,FL,
Atlantic Beach,FL,
Aventura,FL,
Avon Park,FL,
Bartow,FL,
Belle Glade,FL,
Bellview,FL,
Boca Raton,FL,bocaratonFL
Bonita Springs,FL,
Boynton Beach,FL,boyntonbeachFL
Bradenton,FL,bradentonFL
Callaway,FL,
Cape Canaveral,FL,
Cape Coral,FL,capecoralFL
Casselberry,FL,casselberryFL
Clearwater,FL,clearwaterFL
Clermont,FL,clermontFL
Cocoa Beach,FL,
Cocoa,FL,cocoaFL
Coconut Creek,FL,coconutcreekFL
Cooper City,FL,
Coral Gables,FL,coralgablesFL
Coral Springs,FL,coralspringsFL
Crestview,FL,
Cutler Bay,FL,
Dania Beach,FL,
Davenport,FL,davenportFL
Davie,FL,davieFL
Daytona Beach,FL,daytonabeachFL
DeBary,FL,
Deerfield Beach,FL,deerfieldbeachFL
DeLand,FL,delandFL
Delray Beach,FL,delraybeachFL
Deltona,FL,deltonaFL
Destin,FL,
Doral,FL,doralFL
Dunedin,FL,dunedinFL
Edgewater,FL,
Estero,FL,
Eustis,FL,
Fernandina Beach,FL,
Fort Lauderdale,FL,fortlauderdaleFL
Fort Myers,FL,fortmyersFL
Fort Pierce,FL,fortpierceFL
Fort Walton Beach,FL,fortwaltonbeachFL
Gainesville,FL,gainesvilleFL
Greenacres,FL,
Groveland,FL,
Gulfport,FL,
Haines City,FL,
Hallandale Beach,FL,hallandaleFL
Hialeah Gardens,FL,
Hialeah,FL,
Holiday,FL,
Holly Hill,FL,
Hollywood,FL,hollywoodFL
Homestead,FL,homesteadFL
Jacksonville Beach,FL,
Jacksonville,FL,jacksonvilleFL
Jupiter,FL,jupiterFL
Key Biscayne,FL,
Key West,FL,keywestFL
Kissimmee,FL,
Lady Lake,FL,
Lake Butler,FL,
Lake City,FL,lakecityFL
Lake Wales,FL,lakewalesFL
Lakeland,FL,lakelandFL
Lantana,FL,
Largo,FL,
Lauderdale Lakes,FL,
Lauderhill,FL,lauderhillFL
Leesburg,FL,
Lighthouse Point,FL,
Longwood,FL,
Lynn Haven,FL,
Maitland,FL,
Marathon,FL,
Marco Island,FL,
Margate,FL,
Melbourne,FL,
Miami Beach,FL,miamibeachFL
Miami Gardens,FL,miamigardensFL
Miami Lakes,FL,
Miami Shores,FL,
Miami Springs,FL,
Miami,FL,miamiFL
Midway,FL,
Milton,FL,
Minneola,FL,
Miramar,FL,miramarFL
Mount Dora,FL,
Naples,FL,naplesFL
New Port Richey,FL,newportricheyFL
New Smyrna Beach,FL,
Niceville,FL,
North Lauderdale,FL,
North Miami Beach,FL,northmiamibeachFL
North Miami,FL,
North Palm Beach,FL,
North Port,FL,northportFL
Oakland Park,FL,
Ocala,FL,ocalaFL
Ocoee,FL,ocoeeFL
Oldsmar,FL,
Opa-locka,FL,opalockaFL
Orange City,FL,
Orlando,FL,orlandoFL
Ormond Beach,FL,ormondbeachFL
Oviedo,FL,oviedoFL
Palatka,FL,
Palm Bay,FL,palmbayFL
Palm Beach Gardens,FL,palmbeachgardensFL
Palm Coast,FL,
Palmetto Bay,FL,
Panama City Beach,FL,
Panama City,FL,
Parkland,FL,
Pembroke Pines,FL,pembrokepinesFL
Pensacola,FL,pensacolaFL
Pinecrest,FL,
Pinellas Park,FL,pinellasparkFL
Plant City,FL,
Plantation,FL,plantationFL
Pompano Beach,FL,pompanobeachFL
Port Orange,FL,
Port St. Lucie,FL,portstlucieFL
Punta Gorda,FL,puntagordaFL
Riviera Beach,FL,
Royal Palm Beach,FL,
Safety Harbor,FL,
Sanford,FL,
Sarasota,FL,sarasotaFL
Satellite Beach,FL,
Sebastian,FL,
Sebring,FL,
South Daytona,FL,
South Miami Heights,FL,
South Miami,FL,
St. Augustine,FL,
St. Cloud,FL,
St. Petersburg,FL,
Stuart,FL,stuartFL
Sunny Isles Beach,FL,
Sunrise,FL,sunriseFL
Sweetwater,FL,
Tallahassee,FL,tallahasseeFL
Tamarac,FL,
Tampa,FL,tampaFL
Tarpon Springs,FL,
Tavares,FL,
Temple Terrace,FL,
The Villages,FL,
Titusville,FL,titusvilleFL
Trinity,FL,
Venice,FL,veniceFL
Vero Beach,FL,
Wellington,FL,wellingtonFL
West Melbourne,FL,
West Palm Beach,FL,
West Park,FL,
Weston,FL,
Wilton Manors,FL,
Winter Garden,FL,wintergardenFL
Winter Haven,FL,winterhavenFL
Winter Park,FL,winterparkFL
Winter Springs,FL,winterspringsFL
Zephyrhills,FL,
Acworth,GA,acworthGA
Albany,GA,albanyGA
Alpharetta,GA,alpharettaGA
Athens,GA,
Atlanta,GA,atlantaGA
Augusta,GA,augustaGA
Bainbridge,GA,
Brookhaven,GA,brookhavenGA
Brunswick,GA,brunswickGA
Buford,GA,
Cairo,GA,
Canton,GA,cantonGA
Carrollton,GA,
Cartersville,GA,
Chamblee,GA,
Clarkston,GA,
College Park,GA,
Columbus,GA,columbusGA
Conyers,GA,
Cordele,GA,
Covington,GA,
Dalton,GA,
Decatur,GA,decaturGA
Doraville,GA,
Douglas,GA,
Douglasville,GA,douglasvilleGA
Dublin,GA,
Duluth,GA,duluthGA
Dunwoody,GA,dunwoodyGA
East Point,GA,
Fairburn,GA,
Fayetteville,GA,fayettevilleGA
Flowery Branch,GA,
Forest Park,GA,
Fort Oglethorpe,GA,
Gainesville,GA,gainesvilleGA
Garden City,GA,
Griffin,GA,griffinGA
Grovetown,GA,
Hinesville,GA,hinesvilleGA
Holly Springs,GA,
Jefferson,GA,
Jesup,GA,
Johns Creek,GA,johnscreekGA
Kennesaw,GA,kennesawGA
LaGrange,GA,
Lawrenceville,GA,lawrencevilleGA
Lilburn,GA,lilburnGA
Locust Grove,GA,
Loganville,GA,
Mableton,GA,
Macon,GA,
Marietta,GA,mariettaGA
McDonough,GA,mcdonoughGA
Milledgeville,GA,
Milton,GA,
Monroe,GA,monroeGA
Mountain Park,GA,
Newnan,GA,newnanGA
Norcross,GA,
Peachtree City,GA,peachtreecityGA
Peachtree Corners,GA,
Perry,GA,
Pooler,GA,
Port Wentworth,GA,
Powder Springs,GA,powderspringsGA
Richmond Hill,GA,
Rincon,GA,
Rome,GA,
Roswell,GA,roswellGA
Sandy Springs,GA,sandyspringsGA
Savannah,GA,savannahGA
Smyrna,GA,smyrnaGA
Snellville,GA,
South Fulton,GA,southfultonGA
St. Marys,GA,
Statesboro,GA,
Stockbridge,GA,
Stonecrest,GA,stonecrestGA
Sugar Hill,GA,
Suwanee,GA,
Tifton,GA,
Tucker,GA,
Union City,GA,
Valdosta,GA,
Villa Rica,GA,
Warner Robins,GA,
Waycross,GA,
Winder,GA,winderGA
Woodstock,GA,woodstockGA
Honolulu,HI,
Ames,IA,amesIA
Bettendorf,IA,
Boone,IA,
Burlington,IA,
Carroll,IA,
Cedar Falls,IA,
Cedar Rapids,IA,
Clinton,IA,
Clive,IA,
Coralville,IA,
Council Bluffs,IA,councilbluffsIA
Davenport,IA,davenportIA
Des Moines,IA,
Dubuque,IA,dubuqueIA
Fairfield,IA,
Fort Madison,IA,
Grimes,IA,
Indianola,IA,
Iowa City,IA,iowacityIA
Johnston,IA,
Keokuk,IA,
Le Mars,IA,
Marion,IA,marionIA
Marshalltown,IA,
Mason City,IA,
Muscatine,IA,
Newton,IA,
North Liberty,IA,
Norwalk,IA,
Oskaloosa,IA,
Ottumwa,IA,
Pella,IA,
Pleasant Hill,IA,
Sioux City,IA,siouxcityIA
Spencer,IA,
Storm Lake,IA,
Urbandale,IA,urbandaleIA
Waterloo,IA,waterlooIA
Waukee,IA,
Waverly,IA,
West Des Moines,IA,
Blackfoot,ID,
Boise,ID,boiseID
Burley,ID,
Caldwell,ID,caldwellID
Coeur d'Alene,ID,
Eagle,ID,eagleID
Garden City,ID,
Hayden,ID,
Idaho Falls,ID,idahofallsID
Kuna,ID,kunaID
Lewiston,ID,lewistonID
Meridian,ID,meridianID
Middleton,ID,
Moscow,ID,moscowID
Mountain Home,ID,
Nampa,ID,nampaID
Pocatello,ID,pocatelloID
Post Falls,ID,postfallsID
Rathdrum,ID,
Rexburg,ID,
Star,ID,
Twin Falls,ID,twinfallsID
Addison,IL,addisonIL
Alsip,IL,
Alton,IL,
Antioch,IL,
Arlington Heights,IL,arlingtonheightsIL
Aurora,IL,auroraIL
Barrington,IL,
Bartlett,IL,
Batavia,IL,
Beach Park,IL,
Belleville,IL,
Bellwood,IL,
Belvidere,IL,
Bensenville,IL,
Berwyn,IL,
Bloomington,IL,
Blue Island,IL,
Bolingbrook,IL,
Brookfield,IL,
Buffalo Grove,IL,
Burr Ridge,IL,
Calumet City,IL,
Campton Hills,IL,
Carbondale,IL,
Carol Stream,IL,
Carpentersville,IL,
Cary,IL,
Champaign,IL,
Charleston,IL,
Chatham,IL,
Chicago Ridge,IL,
Chicago,IL,chicagoIL
Cicero,IL,
Collinsville,IL,
Columbia,IL,
Crest Hill,IL,
Crystal Lake,IL,
Danville,IL,danvilleIL
Darien,IL,
Decatur,IL,decaturIL
Deerfield,IL,
DeKalb,IL,dekalbIL
Des Plaines,IL,desplainesIL
Dixon,IL,
Dolton,IL,
Downers Grove,IL,
East Moline,IL,
East Peoria,IL,
East St. Louis,IL,
Edwardsville,IL,
Effingham,IL,
Elgin,IL,elginIL
Elk Grove Village,IL,
Elmhurst,IL,
Elmwood Park,IL,elmwoodparkIL
Evanston,IL,evanstonIL
Evergreen Park,IL,
Flossmoor,IL,
Forest Park,IL,
Frankfort,IL,
Franklin Park,IL,
Freeport,IL,
Galesburg,IL,galesburgIL
Geneva,IL,
Glen Carbon,IL,
Glen Ellyn,IL,glenellynIL
Glendale Heights,IL,
Glenview,IL,glenviewIL
Granite City,IL,
Gurnee,IL,
Hanover Park,IL,
Harvard,IL,
Harvey,IL,
Hazel Crest,IL,
Highland Park,IL,
Hinsdale,IL,
Hoffman Estates,IL,hoffmanestatesIL
Homer Glen,IL,
Homewood,IL,
Huntley,IL,
Itasca,IL,
Jacksonville,IL,
Joliet,IL,jolietIL
Kankakee,IL,kankakeeIL
Kewanee,IL,
La Grange Park,IL,
La Grange,IL,
Lake Forest,IL,
Lake Zurich,IL,lakezurichIL
Lansing,IL,
LaSalle,IL,
Lemont,IL,
Libertyville,IL,
Lincoln,IL,
Lincolnwood,IL,
Lisle,IL,
Lockport,IL,lockportIL
Lombard,IL,lombardIL
Loves Park,IL,
Machesney Park,IL,
Macomb,IL,
Manhattan,IL,
Marion,IL,
Mattoon,IL,
Maywood,IL,
McHenry,IL,
Melrose Park,IL,
Midlothian,IL,
Mokena,IL,
Moline,IL,molineIL
Montgomery,IL,
Morton Grove,IL,
Morton,IL,
Mount Prospect,IL,mountprospectIL
Mount Vernon,IL,
Mundelein,IL,
Naperville,IL,napervilleIL
New Lenox,IL,
Niles,IL,
Normal,IL,
North Aurora,IL,
North Chicago,IL,
Northbrook,IL,northbrookIL
Northlake,IL,
O'Fallon,IL,
Oak Forest,IL,oakforestIL
Oak Lawn,IL,
Oak Park,IL,oakparkIL
Orland Park,IL,orlandparkIL
Oswego,IL,oswegoIL
Ottawa,IL,
Palatine,IL,palatineIL
Palos Heights,IL,
Park Forest,IL,
Park Ridge,IL,parkridgeIL
Pekin,IL,
Peoria,IL,peoriaIL
Peru,IL,
Pingree Grove,IL,
Plainfield,IL,plainfieldIL
Pontiac,IL,
Prospect Heights,IL,
Quincy,IL,quincyIL
Rantoul,IL,
River Forest,IL,
Rochelle,IL,
Rock Island,IL,
Rockford,IL,rockfordIL
Rolling Meadows,IL,
Romeoville,IL,romeovilleIL
Roscoe,IL,
Roselle,IL,
Round Lake Beach,IL,
Round Lake,IL,
Sauk Village,IL,
Schaumburg,IL,schaumburgIL
Schiller Park,IL,
Shorewood,IL,
Skokie,IL,skokieIL
South Elgin,IL,
Springfield,IL,springfieldIL
St. Charles,IL,
Streator,IL,
Swansea,IL,
Sycamore,IL,
Taylorville,IL,
Tinley Park,IL,
Urbana,IL,
Vernon Hills,IL,
Villa Park,IL,
Warrenville,IL,
Washington,IL,
Waterloo,IL,
Wauconda,IL,
Waukegan,IL,waukeganIL
West Chicago,IL,
Westchester,IL,
Western Springs,IL,
Westmont,IL,
Wheaton,IL,
Wheeling,IL,
Wilmette,IL,wilmetteIL
Winfield,IL,
Winnetka,IL,
Wood Dale,IL,
Wood River,IL,
Woodridge,IL,
Woodstock,IL,
Yorkville,IL,
Zion,IL,
Anderson,IN,
Angola,IN,
Auburn,IN,
Avon,IN,
Bargersville,IN,
Bedford,IN,
Beech Grove,IN,
Bloomington,IN,
Bluffton,IN,
Brownsburg,IN,
Carmel,IN,carmelIN
Cedar Lake,IN,
Clarksville,IN,
Columbia City,IN,
Columbus,IN,columbusIN
Connersville,IN,
Crawfordsville,IN,
Crown Point,IN,
Danville,IN,
Decatur,IN,
Dyer,IN,
East Chicago,IN,
Elkhart,IN,
Evansville,IN,evansvilleIN
Fishers,IN,
Fort Wayne,IN,
Frankfort,IN,
Franklin,IN,
Gary,IN,
Goshen,IN,
Greencastle,IN,
Greenfield,IN,
Greensburg,IN,
Greenwood,IN,
Griffith,IN,
Hammond,IN,
Highland,IN,
Hobart,IN,
Huntington,IN,
Indianapolis,IN,indianapolisIN
Jasper,IN,
Jeffersonville,IN,jeffersonvilleIN
Kendallville,IN,
Kokomo,IN,
La Porte,IN,
Lafayette,IN,lafayetteIN
Lake Station,IN,
Lawrence,IN,
Lebanon,IN,
Logansport,IN,
Lowell,IN,
Madison,IN,
Marion,IN,marionIN
Martinsville,IN,
Merrillville,IN,
Michigan City,IN,
Mishawaka,IN,
Mooresville,IN,
Muncie,IN,
Munster,IN,
New Castle,IN,
New Haven,IN,
Noblesville,IN,
Peru,IN,
Plainfield,IN,
Plymouth,IN,
Portage,IN,
Richmond,IN,richmondIN
Schererville,IN,
Sellersburg,IN,
Seymour,IN,
Shelbyville,IN,
South Bend,IN,southbendIN
Speedway,IN,
St. John,IN,
Terre Haute,IN,terrehauteIN
Valparaiso,IN,valparaisoIN
Vincennes,IN,
Wabash,IN,
Warsaw,IN,
Washington,IN,
West Lafayette,IN,westlafayetteIN
Westfield,IN,
Whitestown,IN,
Yorktown,IN,
Zionsville,IN,
Andover,KS,
Arkansas City,KS,
Atchison,KS,
Derby,KS,
Dodge City,KS,
El Dorado,KS,
Emporia,KS,
Garden City,KS,
Gardner,KS,
Great Bend,KS,
Hays,KS,
Haysville,KS,
Hutchinson,KS,
Junction City,KS,
Kansas City,KS,kansascityKS
Lansing,KS,
Lawrence,KS,
Leavenworth,KS,
Leawood,KS,
Lenexa,KS,lenexaKS
Liberal,KS,
Manhattan,KS,
McPherson,KS,
Merriam,KS,
Mission,KS,
Newton,KS,
Olathe,KS,olatheKS
Ottawa,KS,
Overland Park,KS,
Parsons,KS,
Pittsburg,KS,
Prairie Village,KS,
Salina,KS,salinaKS
Shawnee,KS,
Topeka,KS,topekaKS
Wichita,KS,wichitaKS
Alexandria,KY,
Ashland,KY,
Berea,KY,
Bowling Green,KY,
Covington,KY,
Danville,KY,
Elizabethtown,KY,
Erlanger,KY,
Florence,KY,
Fort Thomas,KY,
Frankfort,KY,
Franklin,KY,
Georgetown,KY,georgetownKY
Glasgow,KY,
Henderson,KY,
Hopkinsville,KY,
Independence,KY,
Jeffersontown,KY,
La Grange,KY,
Lexington,KY,lexingtonKY
Louisville,KY,louisvilleKY
Lyndon,KY,
Madisonville,KY,
Mayfield,KY,
Middlesborough,KY,
Mount Washington,KY,
Newport,KY,newportKY
Owensboro,KY,
Paducah,KY,
Paris,KY,
Radcliff,KY,
Richmond,KY,richmondKY
Shelbyville,KY,
Shepherdsville,KY,
Somerset,KY,
Versailles,KY,
Winchester,KY,winchesterKY
Abbeville,LA,
Alexandria,LA,alexandriaLA
Baker,LA,
Bastrop,LA,
Baton Rouge,LA,batonrougeLA
Bogalusa,LA,
Bossier City,LA,
Broussard,LA,
Central,LA,
Covington,LA,covingtonLA
Crowley,LA,
Denham Springs,LA,
DeRidder,LA,
Gonzales,LA,
Gretna,LA,gretnaLA
Hammond,LA,
Kenner,LA,
Lafayette,LA,lafayetteLA
Lake Charles,LA,lakecharlesLA
Mandeville,LA,
Minden,LA,
Monroe,LA,monroeLA
Morgan City,LA,
Natchitoches,LA,
New Iberia,LA,
New Orleans,LA,neworleansLA
Opelousas,LA,
Pineville,LA,
Shreveport,LA,shreveportLA
Slidell,LA,
Sulphur,LA,
Youngsville,LA,
Abington,MA,
Acton,MA,
Acushnet,MA,
Agawam,MA,
Amesbury,MA,
Andover,MA,
Arlington,MA,arlingtonMA
Ashland,MA,
Attleboro,MA,
Auburn,MA,
Barnstable,MA,
Bedford,MA,
Belchertown,MA,
Bellingham,MA,
Belmont,MA,
Beverly,MA,beverlyMA
Billerica,MA,
Boston,MA,bostonMA
Bourne,MA,
Braintree,MA,
Brewster,MA,
Bridgewater,MA,
Brockton,MA,
Brookline,MA,brooklineMA
Burlington,MA,
Cambridge,MA,cambridgeMA
Canton,MA,
Carver,MA,
Charlton,MA,
Chelmsford,MA,
Chelsea,MA,
Chicopee,MA,chicopeeMA
Clinton,MA,
Concord,MA,
Danvers,MA,
Dartmouth,MA,
Dedham,MA,
Dennis,MA,
Dracut,MA,
Dudley,MA,
Duxbury,MA,
East Bridgewater,MA,
East Longmeadow,MA,
Easthampton,MA,
Easton,MA,
Everett,MA,
Fairhaven,MA,
Fall River,MA,
Falmouth,MA,
Fitchburg,MA,
Foxborough,MA,
Framingham,MA,framinghamMA
Franklin,MA,
Gardner,MA,
Gloucester,MA,
Grafton,MA,
Hanover,MA,
Hanson,MA,
Harwich,MA,
Haverhill,MA,
Hingham,MA,
Holbrook,MA,
Holden,MA,
Holliston,MA,
Holyoke,MA,
Hopkinton,MA,
Ipswich,MA,
Kingston,MA,
Lakeville,MA,
Lawrence,MA,lawrenceMA
Leicester,MA,
Leominster,MA,
Lexington,MA,
Littleton,MA,
Longmeadow,MA,
Lowell,MA,
Ludlow,MA,
Lynn,MA,
Lynnfield,MA,
Malden,MA,maldenMA
Mansfield,MA,
Marblehead,MA,
Marlborough,MA,marlboroughMA
Marshfield,MA,
Mashpee,MA,
Maynard,MA,
Medfield,MA,
Medford,MA,
Medway,MA,
Melrose,MA,
Methuen Town,MA,
Middleborough,MA,
Middleton,MA,
Milford,MA,
Millbury,MA,
Milton,MA,
Nantucket,MA,
Natick,MA,
Needham,MA,
New Bedford,MA,newbedfordMA
Newburyport,MA,
Newton,MA,
Norfolk,MA,
North Adams,MA,
North Andover,MA,
North Reading,MA,
Northampton,MA,
Northborough,MA,
Northbridge,MA,
Norton,MA,
Norwell,MA,
Norwood,MA,
Oxford,MA,
Palmer,MA,
Peabody,MA,
Pembroke,MA,
Pittsfield,MA,
Plainville,MA,
Plymouth,MA,plymouthMA
Quincy,MA,
Randolph,MA,
Raynham,MA,
Reading,MA,
Revere,MA,revereMA
Rockland,MA,
Salem,MA,salemMA
Sandwich,MA,
Saugus,MA,
Scituate,MA,
Seekonk,MA,
Sharon,MA,
Shrewsbury,MA,
Somerset,MA,
Somerville,MA,somervilleMA
South Hadley,MA,
Southborough,MA,
Southbridge,MA,
Spencer,MA,
Springfield,MA,springfieldMA
Stoneham,MA,
Stoughton,MA,
Sturbridge,MA,
Sudbury,MA,
Sutton,MA,
Swampscott,MA,
Swansea,MA,
Tewksbury,MA,
Tyngsborough,MA,
Uxbridge,MA,
Wakefield,MA,
Walpole,MA,
Waltham,MA,
Ware,MA,
Wareham,MA,
Watertown Town,MA,
Wayland,MA,
Webster,MA,
Wellesley,MA,
Westborough,MA,
Westfield,MA,westfieldMA
Westford,MA,
Weston,MA,
Westport,MA,
Westwood,MA,
Weymouth,MA,
Whitman,MA,
Wilbraham,MA,
Wilmington,MA,
Winchendon,MA,
Winchester,MA,
Winthrop,MA,
Woburn,MA,
Worcester,MA,worcesterMA
Wrentham,MA,
Yarmouth,MA,
Aberdeen,MD,
Annapolis,MD,annapolisMD
Baltimore,MD,baltimoreMD
Bel Air,MD,
Bladensburg,MD,
Bowie,MD,bowieMD
Cambridge,MD,
Chevy Chase,MD,
College Park,MD,
Easton,MD,
Elkton,MD,
Frederick,MD,frederickMD
Gaithersburg,MD,
Greenbelt,MD,
Hagerstown,MD,hagerstownMD
Havre de Grace,MD,
Hyattsville,MD,hyattsvilleMD
La Plata,MD,
Laurel,MD,
Mount Airy,MD,mountairyMD
New Carrollton,MD,
Odenton,MD,
Riviera Beach,MD,
Rockville,MD,rockvilleMD
Salisbury,MD,salisburyMD
Severna Park,MD,
Takoma Park,MD,
Westminster,MD,westminsterMD
Auburn,ME,
Augusta,ME,
Bangor,ME,bangorME
Biddeford,ME,
Brewer,ME,
Brunswick,ME,
Cape Elizabeth,ME,
Falmouth,ME,
Gorham,ME,
Kennebunk,ME,
Kittery,ME,
Lewiston,ME,lewistonME
Lisbon,ME,
Orono,ME,
Portland,ME,portlandME
Saco,ME,
Sanford,ME,
Scarborough,ME,
South Portland,ME,
Standish,ME,
Topsham,ME,
Waterville,ME,
Wells,ME,
Westbrook,ME,
Windham,ME,
York,ME,
Adrian,MI,adrianMI
Allen Park,MI,
Alma,MI,
Alpena,MI,
Ann Arbor,MI,annarborMI
Auburn Hills,MI,
Battle Creek,MI,battlecreekMI
Bay City,MI,
Berkley,MI,
Beverly Hills,MI,
Birmingham,MI,
Cadillac,MI,
Charlotte,MI,
Clawson,MI,
Coldwater,MI,
Dearborn Heights,MI,
Dearborn,MI,dearbornMI
Detroit,MI,detroitMI
East Grand Rapids,MI,
East Lansing,MI,eastlansingMI
Eastpointe,MI,
Escanaba,MI,
Farmington Hills,MI,
Farmington,MI,farmingtonMI
Ferndale,MI,
Flat Rock,MI,
Flint,MI,
Fraser,MI,
Garden City,MI,
Grand Rapids,MI,grandrapidsMI
Grandville,MI,
Grosse Pointe Farms,MI,
Grosse Pointe Park,MI,
Hamtramck,MI,
Harper Woods,MI,
Hazel Park,MI,
Holland,MI,
Inkster,MI,
Jackson,MI,jacksonMI
Kalamazoo,MI,kalamazooMI
Kentwood,MI,
Lansing,MI,lansingMI
Lincoln Park,MI,
Livonia,MI,
Madison Heights,MI,
Marquette,MI,
Marysville,MI,
Melvindale,MI,
Midland,MI,midlandMI
Monroe,MI,monroeMI
Mount Clemens,MI,
Mount Pleasant,MI,
Muskegon,MI,muskegonMI
New Baltimore,MI,
Novi,MI,
Oak Park,MI,
Plymouth,MI,plymouthMI
Pontiac,MI,
Port Huron,MI,
Portage,MI,
Riverview,MI,
Rochester Hills,MI,
Rochester,MI,rochesterMI
Romulus,MI,
Roseville,MI,rosevilleMI
Royal Oak,MI,
Saginaw,MI,saginawMI
Sault Ste. Marie,MI,
South Lyon,MI,
Southfield,MI,southfieldMI
Southgate,MI,
St. Clair Shores,MI,
Sterling Heights,MI,sterlingheightsMI
Sturgis,MI,
Taylor,MI,taylorMI
Trenton,MI,
Troy,MI,
Walker,MI,
Warren,MI,
Wayne,MI,
Westland,MI,westlandMI
Wixom,MI,
Woodhaven,MI,
Wyandotte,MI,
Wyoming,MI,
Ypsilanti,MI,
Albert Lea,MN,
Anoka,MN,anokaMN
Apple Valley,MN,
Austin,MN,
Bemidji,MN,
Big Lake,MN,
Blaine,MN,
Bloomington,MN,
Brainerd,MN,
Brooklyn Center,MN,
Brooklyn Park,MN,
Buffalo,MN,
Burnsville,MN,burnsvilleMN
Chanhassen,MN,
Chaska,MN,
Cloquet,MN,
Columbia Heights,MN,
Coon Rapids,MN,
Cottage Grove,MN,
Crystal,MN,
Detroit Lakes,MN,
Duluth,MN,duluthMN
Eagan,MN,
East Bethel,MN,
Eden Prairie,MN,edenprairieMN
Edina,MN,
Elk River,MN,elkriverMN
Fairmont,MN,
Faribault,MN,
Farmington,MN,
Fergus Falls,MN,
Forest Lake,MN,
Golden Valley,MN,
Hastings,MN,
Hermantown,MN,
Hibbing,MN,
Hopkins,MN,hopkinsMN
Hugo,MN,
Hutchinson,MN,
Inver Grove Heights,MN,
Lake Elmo,MN,
Lakeville,MN,
Lino Lakes,MN,
Mankato,MN,
Maple Grove,MN,
Maplewood,MN,
Marshall,MN,
Minneapolis,MN,
Minnetonka,MN,
Monticello,MN,
Moorhead,MN,moorheadMN
Mound,MN,
Mounds View,MN,
New Brighton,MN,
New Hope,MN,
New Ulm,MN,
North Branch,MN,
North St. Paul,MN,
Northfield,MN,
Oakdale,MN,
Otsego,MN,
Owatonna,MN,
Plymouth,MN,
Prior Lake,MN,
Ramsey,MN,
Red Wing,MN,
Richfield,MN,
Robbinsdale,MN,
Rochester,MN,rochesterMN
Rosemount,MN,
Roseville,MN,
Sartell,MN,
Savage,MN,
Shakopee,MN,shakopeeMN
Shoreview,MN,
South St. Paul,MN,
St. Anthony,MN,
St. Cloud,MN,
St. Louis Park,MN,
St. Paul,MN,saintpaulMN
St. Peter,MN,
Stillwater,MN,stillwaterMN
Vadnais Heights,MN,
Victoria,MN,
West St. Paul,MN,
White Bear Lake,MN,
Willmar,MN,
Winona,MN,
Woodbury,MN,
Arnold,MO,
Belton,MO,
Blue Springs,MO,bluespringsMO
Bolivar,MO,
Branson,MO,
Bridgeton,MO,
Cape Girardeau,MO,capegirardeauMO
Carthage,MO,
Chesterfield,MO,
Clayton,MO,
Columbia,MO,columbiaMO
Crestwood,MO,
Creve Coeur,MO,
Dardenne Prairie,MO,
Ellisville,MO,
Eureka,MO,
Excelsior Springs,MO,
Ferguson,MO,
Festus,MO,festusMO
Florissant,MO,
Fulton,MO,
Gladstone,MO,
Grain Valley,MO,
Grandview,MO,
Hannibal,MO,
Harrisonville,MO,
Hazelwood,MO,
Independence,MO,independenceMO
Jefferson City,MO,
Joplin,MO,joplinMO
Kansas City,MO,kansascityMO
Kearney,MO,
Kennett,MO,
Kirksville,MO,
Kirkwood,MO,
Lebanon,MO,
Lee's Summit,MO,
Liberty,MO,
Marshall,MO,
Mexico,MO,
Moberly,MO,
Monett,MO,
Neosho,MO,
Nixa,MO,
O'Fallon,MO,
Overland,MO,
Ozark,MO,
Poplar Bluff,MO,
Raymore,MO,
Raytown,MO,
Republic,MO,
Rolla,MO,
Sedalia,MO,
Sikeston,MO,
Smithville,MO,
Springfield,MO,springfieldMO
St. Ann,MO,
St. Charles,MO,
St. Joseph,MO,
St. Louis,MO,stlouisMO
St. Peters,MO,
Town and Country,MO,
Troy,MO,
University City,MO,
Warrensburg,MO,
Washington,MO,
Webster Groves,MO,
Wentzville,MO,
West Plains,MO,
Wildwood,MO,
Bay St. Louis,MS,
Biloxi,MS,
Brandon,MS,
Brookhaven,MS,
Byram,MS,
Canton,MS,
Cleveland,MS,
Clinton,MS,
Columbus,MS,columbusMS
Diamondhead,MS,
Gautier,MS,
Greenville,MS,greenvilleMS
Grenada,MS,
Gulfport,MS,gulfportMS
Hernando,MS,
Horn Lake,MS,
Jackson,MS,jacksonMS
Laurel,MS,laurelMS
Long Beach,MS,
McComb,MS,
Meridian,MS,
Moss Point,MS,
Natchez,MS,
Ocean Springs,MS,
Olive Branch,MS,
Oxford,MS,oxfordMS
Pascagoula,MS,
Pearl,MS,
Petal,MS,
Picayune,MS,
Southaven,MS,
Starkville,MS,starkvilleMS
Tupelo,MS,
Vicksburg,MS,vicksburgMS
West Point,MS,
Belgrade,MT,
Billings,MT,
Bozeman,MT,bozemanMT
Butte,MT,
Great Falls,MT,
Havre,MT,
Helena,MT,helenaMT
Kalispell,MT,kalispellMT
Missoula,MT,missoulaMT
Albemarle,NC,
Apex,NC,
Asheboro,NC,
Asheville,NC,
Belmont,NC,
Boone,NC,
Burlington,NC,
Carrboro,NC,
Cary,NC,caryNC
Chapel Hill,NC,chapelhillNC
Charlotte,NC,charlotteNC
Clayton,NC,claytonNC
Clemmons,NC,
Concord,NC,concordNC
Cornelius,NC,
Davidson,NC,
Durham,NC,durhamNC
Eden,NC,
Elizabeth City,NC,
Fayetteville,NC,fayettevilleNC
Fuquay-Varina,NC,
Garner,NC,
Gastonia,NC,gastoniaNC
Goldsboro,NC,
Graham,NC,
Greensboro,NC,greensboroNC
Greenville,NC,greenvilleNC
Harrisburg,NC,
Havelock,NC,
Hendersonville,NC,
Hickory,NC,
High Point,NC,highpointNC
Hillsborough,NC,
Holly Springs,NC,
Hope Mills,NC,
Huntersville,NC,huntersvilleNC
Indian Trail,NC,
Jacksonville,NC,jacksonvilleNC
Kernersville,NC,
Kings Mountain,NC,
Kinston,NC,
Knightdale,NC,
Laurinburg,NC,
Leland,NC,
Lenoir,NC,
Lewisville,NC,
Lexington,NC,lexingtonNC
Lincolnton,NC,lincolntonNC
Matthews,NC,matthewsNC
Mebane,NC,
Mint Hill,NC,
Monroe,NC,monroeNC
Mooresville,NC,mooresvilleNC
Morehead City,NC,
Morganton,NC,
Morrisville,NC,
Mount Airy,NC,mountairyNC
Mount Holly,NC,
New Bern,NC,
Newton,NC,
Pinehurst,NC,
Raleigh,NC,raleighNC
Reidsville,NC,
Roanoke Rapids,NC,
Rocky Mount,NC,
Rolesville,NC,
Salisbury,NC,
Sanford,NC,
Shelby,NC,shelbyNC
Smithfield,NC,
Southern Pines,NC,
Spring Lake,NC,
Stallings,NC,
Statesville,NC,
Summerfield,NC,
Tarboro,NC,
Thomasville,NC,
Wake Forest,NC,wakeforestNC
Washington,NC,
Waxhaw,NC,
Waynesville,NC,
Weddington,NC,
Wendell,NC,
Wilmington,NC,wilmingtonNC
Wilson,NC,wilsonNC
Winston-Salem,NC,winstonsalemNC
Winterville,NC,
Bismarck,ND,bismarckND
Dickinson,ND,
Fargo,ND,
Grand Forks,ND,
Mandan,ND,
Minot,ND,
West Fargo,ND,
Beatrice,NE,
Bellevue,NE,bellevueNE
Columbus,NE,
Fremont,NE,
Grand Island,NE,grandislandNE
Hastings,NE,
Kearney,NE,kearneyNE
Lincoln,NE,lincolnNE
Norfolk,NE,
North Platte,NE,
Omaha,NE,
Papillion,NE,
Scottsbluff,NE,
South Sioux City,NE,
Barrington,NH,
Bedford,NH,
Claremont,NH,
Concord,NH,concordNH
Conway,NH,
Derry,NH,
Dover,NH,
Durham,NH,
Exeter,NH,
Goffstown,NH,
Hampton,NH,
Hanover,NH,
Hooksett,NH,
Hudson,NH,
Keene,NH,
Laconia,NH,
Lebanon,NH,
Londonderry,NH,
Manchester,NH,manchesterNH
Merrimack,NH,
Milford,NH,
Nashua,NH,nashuaNH
Newmarket,NH,
Pelham,NH,
Portsmouth,NH,
Raymond,NH,
Rochester,NH,
Salem,NH,
Somersworth,NH,
Windham,NH,
Aberdeen,NJ,
Asbury Park,NJ,
Atlantic City,NJ,
Avenel,NJ,
Barnegat,NJ,
Bayonne,NJ,
Belleville,NJ,
Bellmawr,NJ,
Berkeley Heights,NJ,
Berkeley,NJ,
Bernards,NJ,
Bloomfield,NJ,bloomfieldNJ
Brick,NJ,
Bridgewater,NJ,
Camden,NJ,
Cedar Grove,NJ,
Chatham,NJ,
Cherry Hill,NJ,cherryhillNJ
Cinnaminson,NJ,
City of Orange,NJ,
Clark,NJ,
Cliffside Park,NJ,
Clifton,NJ,
Clinton,NJ,
Colonia,NJ,
Colts Neck,NJ,
Cranford,NJ,
Delran,NJ,
Denville,NJ,
Dover,NJ,
Dumont,NJ,
East Brunswick,NJ,
East Orange,NJ,eastorangeNJ
East Windsor,NJ,
Eatontown,NJ,
Edison,NJ,
Egg Harbor,NJ,eggharbortownshipNJ
Elizabeth,NJ,
Elmwood Park,NJ,
Englewood,NJ,
Evesham,NJ,
Fair Lawn,NJ,
Fort Lee,NJ,
Franklin Park,NJ,
Franklin,NJ,
Freehold,NJ,
Galloway,NJ,
Garfield,NJ,
Glassboro,NJ,
Glen Rock,NJ,
Gloucester,NJ,
Hackensack,NJ,
Haddonfield,NJ,
Hamilton,NJ,
Hammonton,NJ,
Hanover,NJ,
Harrison,NJ,
Hasbrouck Heights,NJ,
Hawthorne,NJ,
Hazlet,NJ,
Highland Park,NJ,
Hillsborough,NJ,
Hillsdale,NJ,
Hillside,NJ,
Hoboken,NJ,hobokenNJ
Holmdel,NJ,
Hopatcong,NJ,
Howell,NJ,howellNJ
Iselin,NJ,
Jackson,NJ,jacksonNJ
Jefferson,NJ,
Jersey City,NJ,jerseycityNJ
Kearny,NJ,kearnyNJ
Kinnelon,NJ,
Lacey,NJ,
Lakewood,NJ,lakewoodNJ
Lawrence,NJ,
Leonia,NJ,
Linden,NJ,
Lindenwold,NJ,
Little Egg Harbor,NJ,
Little Falls,NJ,
Livingston,NJ,
Lodi,NJ,
Long Branch,NJ,
Lower,NJ,
Lumberton,NJ,
Lyndhurst,NJ,
Madison,NJ,
Mahwah,NJ,
Manalapan,NJ,
Manchester,NJ,
Maple Shade,NJ,
Maplewood,NJ,
Marlboro,NJ,
Matawan,NJ,
Maywood,NJ,
Medford,NJ,
Metuchen,NJ,
Middle,NJ,
Middlesex,NJ,
Middletown,NJ,
Millburn,NJ,
Millstone,NJ,
Millville,NJ,millvilleNJ
Monroe,NJ,
Montclair,NJ,
Montgomery,NJ,
Montville,NJ,
Moorestown-Lenola,NJ,
Moorestown,NJ,
Morris,NJ,
Morristown,NJ,morristownNJ
Mount Holly,NJ,
Mount Laurel,NJ,
Mount Olive,NJ,
Neptune,NJ,
New Brunswick,NJ,
New Milford,NJ,
New Providence,NJ,
Newark,NJ,newarkNJ
North Arlington,NJ,
North Brunswick,NJ,
North Plainfield,NJ,
Nutley,NJ,
Oakland,NJ,
Ocean City,NJ,
Ocean,NJ,
Old Bridge,NJ,oldbridgeNJ
Palisades Park,NJ,
Parsippany-Troy Hills,NJ,
Passaic,NJ,passaicNJ
Paterson,NJ,
Pemberton,NJ,
Pennsauken,NJ,
Pequannock,NJ,
Perth Amboy,NJ,
Phillipsburg,NJ,
Piscataway,NJ,
Plainfield,NJ,plainfieldNJ
Plainsboro,NJ,
Pleasantville,NJ,
Point Pleasant,NJ,
Pompton Lakes,NJ,
Preakness,NJ,
Princeton,NJ,princetonNJ
Rahway,NJ,
Ramsey,NJ,
Randolph,NJ,
Raritan,NJ,
Readington,NJ,
Red Bank,NJ,
Ridgewood,NJ,
Ringwood,NJ,
River Edge,NJ,
Rockaway,NJ,
Roselle Park,NJ,
Roselle,NJ,
Roxbury,NJ,
Rutherford,NJ,
Saddle Brook,NJ,
Sayreville,NJ,
Scotch Plains,NJ,
Secaucus,NJ,
Somers Point,NJ,
Somerville,NJ,
South Brunswick,NJ,
South Orange Village,NJ,
South Plainfield,NJ,
South River,NJ,
Sparta,NJ,
Springfield,NJ,
Stafford,NJ,
Summit,NJ,
Teaneck,NJ,
Tenafly,NJ,
Tinton Falls,NJ,
Toms River,NJ,
Trenton,NJ,trentonNJ
Union,NJ,unionNJ
Upper,NJ,
Ventnor City,NJ,
Vernon,NJ,
Verona,NJ,
Vineland,NJ,
Voorhees,NJ,
Waldwick,NJ,
Wall,NJ,
Warren,NJ,
Washington,NJ,
Wayne,NJ,
West Milford,NJ,
West Orange,NJ,westorangeNJ
West Windsor,NJ,
Westfield,NJ,
Willingboro,NJ,
Winslow,NJ,
Woodbridge,NJ,
Woodland Park,NJ,
Wyckoff,NJ,
Alamogordo,NM,alamogordoNM
Albuquerque,NM,albuquerqueNM
Artesia,NM,
Clovis,NM,clovisNM
Española,NM,
Farmington,NM,farmingtonNM
Gallup,NM,
Hobbs,NM,
Las Cruces,NM,
Las Vegas,NM,
Los Lunas,NM,
Lovington,NM,
Portales,NM,
Rio Rancho,NM,rioranchoNM
Roswell,NM,
Santa Fe,NM,santafeNM
Silver City,NM,
Boulder City,NV,
Carson City,NV,carsoncityNV
Elko,NV,
Fernley,NV,
Henderson,NV,
Las Vegas,NV,lasvegasNV
Mesquite,NV,
North Las Vegas,NV,northlasvegasNV
Pahrump,NV,
Reno,NV,renoNV
Sparks,NV,sparksNV
Airmont,NY,
Albany,NY,albanyNY
Amherst,NY,
Amsterdam,NY,
Auburn,NY,auburnNY
Aurora,NY,
Babylon,NY,
Ballston,NY,
Batavia,NY,
Beacon,NY,
Bedford,NY,
Beekman,NY,
Bethlehem,NY,
Binghamton,NY,
Blooming Grove,NY,
Brighton,NY,
Bronx,NY,
Brookhaven,NY,
Brooklyn,NY,
Brunswick,NY,
Buffalo,NY,buffaloNY
Canandaigua,NY,
Canton,NY,
Carmel,NY,
Cheektowaga,NY,
Chenango,NY,
Chili,NY,
Cicero,NY,
Clifton Park,NY,
Cohoes,NY,
Colonie,NY,
Cornwall,NY,
Cortland,NY,
Cortlandt,NY,
De Witt,NY,
Depew,NY,
Dobbs Ferry,NY,
Dryden,NY,
Dunkirk,NY,
East Fishkill,NY,
East Greenbush,NY,
East Hampton,NY,
Eastchester,NY,
Evans,NY,
Fallsburg,NY,
Farmington,NY,
Fishkill,NY,
Fredonia,NY,
Garden City,NY,
Geneva,NY,
Glens Falls,NY,
Glenville,NY,
Gloversville,NY,
Goshen,NY,
Grand Island,NY,
Greenburgh,NY,
Guilderland,NY,
Hamburg,NY,
Harrison,NY,
Hempstead,NY,
Henrietta,NY,
Highlands,NY,
Horseheads,NY,
Huntington,NY,huntingtonNY
Hyde Park,NY,
Irondequoit,NY,
Islip,NY,
Ithaca,NY,ithacaNY
Jamestown,NY,
Kent,NY,
Kingston,NY,kingstonNY
La Grange,NY,
Lackawanna,NY,
Lansing,NY,
Lewisboro,NY,
Lewiston,NY,
Lloyd,NY,
Long Beach,NY,longbeachNY
Lynbrook,NY,
Lysander,NY,
Malta,NY,
Mamakating,NY,
Mamaroneck,NY,
Manhattan,NY,
Manlius,NY,
Massena,NY,
Middletown,NY,middletownNY
Mineola,NY,
Monroe,NY,monroeNY
Montgomery,NY,
Moreau,NY,
Mount Kisco,NY,
Mount Pleasant,NY,
Mount Vernon,NY,mountvernonNY
New Castle,NY,
New Hyde Park,NY,
New Paltz,NY,
New Rochelle,NY,newrochelleNY
New Windsor,NY,
New York,NY,newyorkNY
Newburgh,NY,
Niagara Falls,NY,
Niskayuna,NY,
North Castle,NY,
North Greenbush,NY,
North Hempstead,NY,
North Merrick,NY,
North Tonawanda,NY,
Ogdensburg,NY,
Olean,NY,
Oneonta,NY,
Orangetown,NY,
Ossining,NY,
Oswego,NY,
Owego,NY,
Oyster Bay,NY,
Parma,NY,
Patchogue,NY,patchogueNY
Patterson,NY,
Peekskill,NY,
Pelham,NY,
Penfield,NY,
Perinton,NY,
Philipstown,NY,
Pittsford,NY,
Plattekill,NY,
Plattsburgh,NY,
Pleasant Valley,NY,
Port Chester,NY,
Poughkeepsie,NY,
Putnam Valley,NY,
Queens,NY,
Queensbury,NY,
Red Hook,NY,
Riverhead,NY,
Rochester,NY,
Rome,NY,romeNY
Rotterdam,NY,
Rye Brook,NY,
Rye,NY,
Salina,NY,
Saratoga Springs,NY,saratogaspringsNY
Scarsdale,NY,scarsdaleNY
Schenectady,NY,schenectadyNY
Schodack,NY,
Sleepy Hollow,NY,
Smithtown,NY,smithtownNY
Somers,NY,
Southampton,NY,
Southeast,NY,
Southold,NY,
Stony Point,NY,
Suffern,NY,
Sullivan,NY,
Syracuse,NY,
Tarrytown,NY,
Tonawanda,NY,
Troy,NY,
Ulster,NY,
Utica,NY,
Valley Stream,NY,
Van Buren,NY,
Vestal,NY,
Victor,NY,
Wallkill,NY,
Wappinger,NY,
Warwick,NY,
Watertown,NY,
Wawarsing,NY,
Webster,NY,
West Seneca,NY,
Wheatfield,NY,
White Plains,NY,whiteplainsNY
Wilton,NY,
Woodbury,NY,
Yonkers,NY,yonkersNY
Yorktown,NY,
Akron,OH,
Amherst,OH,
Ashland,OH,
Ashtabula,OH,
Athens,OH,
Aurora,OH,
Austintown,OH,
Avon Lake,OH,
Barberton,OH,
Bay Village,OH,
Beachwood,OH,
Beavercreek,OH,
Bedford,OH,
Bellefontaine,OH,
Berea,OH,
Bexley,OH,
Blue Ash,OH,
Bowling Green,OH,
Brecksville,OH,
Broadview Heights,OH,
Brook Park,OH,
Brooklyn,OH,
Brunswick,OH,brunswickOH
Bucyrus,OH,
Cambridge,OH,
Canal Winchester,OH,
Celina,OH,
Centerville,OH,
Chillicothe,OH,
Cincinnati,OH,cincinnatiOH
Circleville,OH,
Clayton,OH,
Cleveland Heights,OH,
Cleveland,OH,clevelandOH
Columbus,OH,columbusOH
Conneaut,OH,
Cuyahoga Falls,OH,
Dayton,OH,daytonOH
Defiance,OH,
Delaware,OH,delawareOH
Dublin,OH,dublinOH
Eastlake,OH,
Elyria,OH,
Englewood,OH,
Euclid,OH,
Fairborn,OH,fairbornOH
Fairfield,OH,fairfieldOH
Fairview Park,OH,
Findlay,OH,
Forest Park,OH,
Fostoria,OH,
Fremont,OH,
Gahanna,OH,
Galion,OH,
Garfield Heights,OH,
Green,OH,
Greenville,OH,
Grove City,OH,grovecityOH
Hamilton,OH,
Harrison,OH,
Hilliard,OH,
Huber Heights,OH,
Hudson,OH,
Ironton,OH,
Kent,OH,kentOH
Kettering,OH,
Lakewood,OH,lakewoodOH
Lancaster,OH,lancasterOH
Lebanon,OH,
Lima,OH,limaOH
London,OH,
Lorain,OH,
Loveland,OH,lovelandOH
Macedonia,OH,
Madeira,OH,
Marion,OH,marionOH
Marysville,OH,
Mason,OH,
Massillon,OH,
Maumee,OH,
Mayfield Heights,OH,
Medina,OH,
Mentor,OH,
Miamisburg,OH,miamisburgOH
Middletown,OH,middletownOH
Monroe,OH,
Mount Vernon,OH,
New Albany,OH,
New Franklin,OH,
New Philadelphia,OH,
Newark,OH,newarkOH
Niles,OH,
North Canton,OH,
North College Hill,OH,
North Olmsted,OH,
North Ridgeville,OH,
Norton,OH,
Norwalk,OH,
Norwood,OH,
Oakwood,OH,
Oregon,OH,
Oxford,OH,
Painesville,OH,
Parma,OH,
Pataskala,OH,
Perrysburg,OH,
Pickerington,OH,
Piqua,OH,
Portsmouth,OH,
Powell,OH,powellOH
Ravenna,OH,
Reading,OH,
Reynoldsburg,OH,
Richmond Heights,OH,
Riverside,OH,
Salem,OH,
Sandusky,OH,
Seven Hills,OH,
Shaker Heights,OH,
Sharonville,OH,
Solon,OH,
Springdale,OH,
Springfield,OH,springfieldOH
Stow,OH,stowOH
Streetsboro,OH,
Strongsville,OH,
Struthers,OH,
Sylvania,OH,
Tallmadge,OH,
Tiffin,OH,
Tipp City,OH,
Toledo,OH,toledoOH
Trenton,OH,
Trotwood,OH,
Troy,OH,
Twinsburg,OH,
University Heights,OH,
Upper Arlington,OH,
Urbana,OH,
Van Wert,OH,
Vandalia,OH,
Vermilion,OH,
Wadsworth,OH,
Wapakoneta,OH,
Warren,OH,
Washington Court House,OH,
West Carrollton,OH,
Westerville,OH,
Westlake,OH,
Whitehall,OH,
Wickliffe,OH,
Willoughby Hills,OH,
Willoughby,OH,
Willowick,OH,
Wilmington,OH,
Wooster,OH,
Xenia,OH,
Altus,OK,
Ardmore,OK,ardmoreOK
Bartlesville,OK,
Bethany,OK,
Bixby,OK,
Broken Arrow,OK,brokenarrowOK
Chickasha,OK,
Claremore,OK,
Del City,OK,
Durant,OK,
Edmond,OK,
El Reno,OK,
Enid,OK,
Glenpool,OK,
Guthrie,OK,
Guymon,OK,
Jenks,OK,
Lawton,OK,lawtonOK
McAlester,OK,
Miami,OK,
Midwest City,OK,
Moore,OK,
Muskogee,OK,
Newcastle,OK,
Norman,OK,normanOK
Oklahoma City,OK,oklahomacityOK
Owasso,OK,
Ponca City,OK,
Pryor Creek,OK,
Sand Springs,OK,
Shawnee,OK,
Stillwater,OK,stillwaterOK
Tahlequah,OK,
The Village,OK,
Tulsa,OK,tulsaOK
Warr Acres,OK,
Weatherford,OK,
Yukon,OK,
Albany,OR,albanyOR
Ashland,OR,
Astoria,OR,
Baker City,OR,
Beaverton,OR,beavertonOR
Bend,OR,bendOR
Canby,OR,
Coos Bay,OR,
Corvallis,OR,
Cottage Grove,OR,
Dallas,OR,
Eugene,OR,
Fairview,OR,
Forest Grove,OR,
Gladstone,OR,
Grants Pass,OR,grantspassOR
Gresham,OR,greshamOR
Happy Valley,OR,
Hermiston,OR,
Hillsboro,OR,hillsboroOR
Independence,OR,
Keizer,OR,keizerOR
Klamath Falls,OR,
La Grande,OR,
Lake Oswego,OR,
Lebanon,OR,
Lincoln City,OR,
McMinnville,OR,
Medford,OR,
Milwaukie,OR,
Molalla,OR,
Monmouth,OR,
Newberg,OR,
Newport,OR,
North Bend,OR,
Ontario,OR,
Oregon City,OR,oregoncityOR
Pendleton,OR,
Portland,OR,
Prineville,OR,
Redmond,OR,redmondOR
Roseburg,OR,
Salem,OR,salemOR
Sandy,OR,
Sherwood,OR,
Silverton,OR,
Springfield,OR,springfieldOR
St. Helens,OR,
Sweet Home,OR,
The Dalles,OR,
Tigard,OR,tigardOR
Troutdale,OR,
Tualatin,OR,
West Linn,OR,
Wilsonville,OR,
Woodburn,OR,
Abington,PA,
Allentown,PA,allentownPA
Altoona,PA,altoonaPA
Antrim,PA,
Aston,PA,
Baldwin,PA,
Bensalem,PA,
Bethel Park,PA,
Bethlehem,PA,
Brentwood,PA,
Bristol,PA,
Buckingham,PA,
Caln,PA,
Carlisle,PA,
Cecil,PA,
Chambersburg,PA,
Cheltenham,PA,
Chester,PA,chesterPA
College,PA,
Columbia,PA,
Concord,PA,
Cumru,PA,
Derry,PA,
Dover,PA,
Doylestown,PA,
East Brandywine,PA,
East Cocalico,PA,
East Goshen,PA,
East Hempfield,PA,
East Lampeter,PA,
East Norriton,PA,
East Pennsboro,PA,
East Stroudsburg,PA,eaststroudsburgPA
East Whiteland,PA,
Easton,PA,
Easttown,PA,
Emmaus,PA,
Erie,PA,eriePA
Exeter,PA,
Fairview,PA,
Falls,PA,
Ferguson,PA,
Franklin Park,PA,
Greene,PA,
Hampton,PA,
Hanover,PA,hanoverPA
Harrisburg,PA,
Hatfield,PA,
Haverford,PA,
Hazleton,PA,
Hempfield,PA,
Hilltown,PA,
Horsham,PA,
Indiana,PA,
Jefferson Hills,PA,
Johnstown,PA,
Lancaster,PA,lancasterPA
Lansdale,PA,lansdalePA
Lansdowne,PA,
Lebanon,PA,lebanonPA
Limerick,PA,
Lititz,PA,
Lower Allen,PA,
Lower Gwynedd,PA,
Lower Macungie,PA,
Lower Makefield,PA,
Lower Merion,PA,
Lower Moreland,PA,
Lower Paxton,PA,
Lower Providence,PA,
Lower Salford,PA,
Lower Saucon,PA,
Lower Southampton,PA,
Manor,PA,
Marple,PA,
McCandless,PA,
McKeesport,PA,
Meadville,PA,
Mechanicsburg,PA,
Middle Smithfield,PA,
Middletown,PA,
Millcreek,PA,
Monroeville,PA,
Montgomery,PA,
Moon,PA,
Morrisville,PA,morrisvillePA
Mount Lebanon,PA,
Muhlenberg,PA,
Munhall,PA,
Murrysville,PA,
Nether Providence,PA,
New Britain,PA,
New Castle,PA,
New Garden,PA,
Newberry,PA,
Newtown,PA,
Norristown,PA,
North Huntingdon,PA,
North Middleton,PA,
Northampton,PA,
Patton,PA,
Penn Hills,PA,
Penn,PA,
Peters,PA,
Philadelphia,PA,philadelphiaPA
Phoenixville,PA,
Pittsburgh,PA,pittsburghPA
Plum,PA,
Plumstead,PA,
Plymouth,PA,
Pocono,PA,
Pottstown,PA,
Pottsville,PA,
Radnor,PA,
Reading,PA,
Richland,PA,
Ridley,PA,
Scott,PA,
Scranton,PA,scrantonPA
Shaler,PA,
Skippack,PA,
South Fayette,PA,
South Middleton,PA,
South Strabane,PA,
South Whitehall,PA,
Spring Garden,PA,
Spring,PA,
Springettsbury,PA,
Springfield,PA,
St. Marys,PA,
State College,PA,
Sunbury,PA,
Susquehanna,PA,
Swatara,PA,
Towamencin,PA,
Tredyffrin,PA,
Uniontown,PA,
Upper Allen,PA,
Upper Chichester,PA,
Upper Darby,PA,
Upper Dublin,PA,
Upper Gwynedd,PA,
Upper Macungie,PA,
Upper Moreland,PA,
Upper Providence,PA,
Upper St. Clair,PA,
Uwchlan,PA,
Warminster,PA,
Warren,PA,
Warrington,PA,
Warwick,PA,
West Chester,PA,westchesterPA
West Deer,PA,
West Goshen,PA,
West Hanover,PA,westhanovertownshipPA
West Hempfield,PA,
West Lampeter,PA,
West Manchester,PA,
West Mifflin,PA,
West Norriton,PA,
West Whiteland,PA,
Westtown,PA,
Whitehall,PA,
Whitemarsh,PA,
Whitpain,PA,
Wilkes-Barre,PA,wilkesbarrePA
Williamsport,PA,
Willistown,PA,
Worcester,PA,
Wyomissing,PA,
Yeadon,PA,
York,PA,yorkPA
Bristol,RI,
Burrillville,RI,
Coventry,RI,
Cranston,RI,
Cumberland,RI,
East Greenwich,RI,
East Providence,RI,
Glocester,RI,
Lincoln,RI,
Middletown,RI,
Narragansett,RI,
Newport,RI,
North Kingstown,RI,
North Providence,RI,
North Smithfield,RI,
Pawtucket,RI,
Portsmouth,RI,
Providence,RI,providenceRI
Scituate,RI,
Smithfield,RI,
South Kingstown,RI,
Tiverton,RI,
Warren,RI,
Warwick,RI,
West Warwick,RI,
Westerly,RI,
Woonsocket,RI,
Aiken,SC,
Anderson,SC,
Beaufort,SC,beaufortSC
Bluffton,SC,
Cayce,SC,
Charleston,SC,charlestonSC
Clemson,SC,
Columbia,SC,
Conway,SC,
Easley,SC,
Florence,SC,
Fort Mill,SC,
Fountain Inn,SC,
Gaffney,SC,
Goose Creek,SC,goosecreekSC
Greenville,SC,greenvilleSC
Greenwood,SC,greenwoodSC
Greer,SC,greerSC
Hanahan,SC,
Hilton Head Island,SC,
Irmo,SC,
James Island,SC,
Laurens,SC,
Lexington,SC,lexingtonSC
Mauldin,SC,
Moncks Corner,SC,
Mount Pleasant,SC,
Myrtle Beach,SC,
Newberry,SC,
North Augusta,SC,
North Charleston,SC,
North Myrtle Beach,SC,
Orangeburg,SC,
Port Royal,SC,
Rock Hill,SC,rockhillSC
Simpsonville,SC,
Spartanburg,SC,
Summerville,SC,
Sumter,SC,sumterSC
Tega Cay,SC,
West Columbia,SC,
Aberdeen,SD,
Box Elder,SD,
Brandon,SD,
Brookings,SD,
Huron,SD,
Mitchell,SD,
Rapid City,SD,rapidcitySD
Sioux Falls,SD,siouxfallsSD
Spearfish,SD,
Vermillion,SD,
Watertown,SD,
Yankton,SD,
Alcoa,TN,
Athens,TN,
Atoka,TN,
Bartlett,TN,
Brentwood,TN,
Bristol,TN,
Brownsville,TN,
Chattanooga,TN,chattanoogaTN
Clarksville,TN,
Cleveland,TN,clevelandTN
Clinton,TN,
Collegedale,TN,
Collierville,TN,colliervilleTN
Columbia,TN,
Cookeville,TN,
Crossville,TN,crossvilleTN
Dyersburg,TN,
East Ridge,TN,
Fairview,TN,
Farragut,TN,
Franklin,TN,franklinTN
Gallatin,TN,
Germantown,TN,germantownTN
Goodlettsville,TN,
Greeneville,TN,
Hartsville,TN,
Hendersonville,TN,
Jackson,TN,
Johnson City,TN,
Kingsport,TN,
Knoxville,TN,knoxvilleTN
La Vergne,TN,
Lakeland,TN,
Lebanon,TN,
Lenoir City,TN,
Lewisburg,TN,
Manchester,TN,
McMinnville,TN,
Memphis,TN,memphisTN
Morristown,TN,
Mount Juliet,TN,
Murfreesboro,TN,
Nashville,TN,nashvilleTN
Nolensville,TN,
Oak Ridge,TN,
Portland,TN,
Red Bank,TN,
Shelbyville,TN,
Smyrna,TN,smyrnaTN
Spring Hill,TN,
Springfield,TN,
Tullahoma,TN,
White House,TN,
Abilene,TX,abileneTX
Addison,TX,
Alamo,TX,
Alice,TX,
Allen,TX,allenTX
Alvin,TX,
Amarillo,TX,amarilloTX
Angleton,TX,
Anna,TX,
Arlington,TX,arlingtonTX
Austin,TX,austinTX
Balch Springs,TX,
Bastrop,TX,
Bay City,TX,
Baytown,TX,baytownTX
Beaumont,TX,beaumontTX
Bedford,TX,bedfordTX
Bellaire,TX,bellaireTX
Bellmead,TX,
Belton,TX,
Benbrook,TX,
Big Spring,TX,
Boerne,TX,boerneTX
Borger,TX,
Brenham,TX,brenhamTX
Brownsville,TX,brownsvilleTX
Bryan,TX,bryanTX
Buda,TX,budaTX
Burkburnett,TX,
Burleson,TX,burlesonTX
Canyon,TX,
Carrollton,TX,carrolltonTX
Cedar Hill,TX,cedarhillTX
Cedar Park,TX,cedarparkTX
Celina,TX,celinaTX
Cibolo,TX,
Cleburne,TX,cleburneTX
Clute,TX,
College Station,TX,
Colleyville,TX,
Conroe,TX,conroeTX
Converse,TX,
Coppell,TX,coppellTX
Copperas Cove,TX,copperascoveTX
Corinth,TX,
Corpus Christi,TX,corpuschristiTX
Corsicana,TX,corsicanaTX
Crowley,TX,
Dallas,TX,dallasTX
Deer Park,TX,deerparkTX
Del Rio,TX,
Denison,TX,
Denton,TX,dentonTX
DeSoto,TX,desotoTX
Dickinson,TX,dickinsonTX
Donna,TX,
Duncanville,TX,duncanvilleTX
Eagle Pass,TX,
Edinburg,TX,edinburgTX
El Campo,TX,
El Paso,TX,elpasoTX
Elgin,TX,elginTX
Ennis,TX,
Euless,TX,eulessTX
Fair Oaks Ranch,TX,
Fairview,TX,
Farmers Branch,TX,
Fate,TX,
Flower Mound,TX,flowermoundTX
Forest Hill,TX,
Forney,TX,forneyTX
Fort Worth,TX,fortworthTX
Fredericksburg,TX,
Freeport,TX,
Friendswood,TX,friendswoodTX
Frisco,TX,friscoTX
Fulshear,TX,fulshearTX
Gainesville,TX,
Galveston,TX,galvestonTX
Garland,TX,garlandTX
Georgetown,TX,georgetownTX
Glenn Heights,TX,
Granbury,TX,granburyTX
Grand Prairie,TX,grandprairieTX
Grapevine,TX,grapevineTX
Greenville,TX,
Groves,TX,
Haltom City,TX,haltomcityTX
Harlingen,TX,harlingenTX
Heath,TX,
Henderson,TX,
Hewitt,TX,
Highland Village,TX,
Horizon City,TX,
Houston,TX,houstonTX
Huntsville,TX,huntsvilleTX
Hurst,TX,
Hutto,TX,huttoTX
Ingleside,TX,
Irving,TX,
Jacksonville,TX,
Katy,TX,katyTX
Keller,TX,kellerTX
Kerrville,TX,kerrvilleTX
Killeen,TX,killeenTX
Kingsville,TX,
Kyle,TX,kyleTX
La Marque,TX,
La Porte,TX,laporteTX
Lake Jackson,TX,
Lakeway,TX,lakewayTX
Lancaster,TX,lancasterTX
Laredo,TX,laredoTX
League City,TX,leaguecityTX
Leander,TX,leanderTX
Leon Valley,TX,
Levelland,TX,
Lewisville,TX,lewisvilleTX
Little Elm,TX,littleelmTX
Live Oak,TX,
Lockhart,TX,
Longview,TX,longviewTX
Lubbock,TX,lubbockTX
Lufkin,TX,
Manor,TX,manorTX
Mansfield,TX,mansfieldTX
Manvel,TX,
Marshall,TX,
McAllen,TX,mcallenTX
McKinney,TX,mckinneyTX
Melissa,TX,
Mercedes,TX,
Mesquite,TX,mesquiteTX
Midland,TX,midlandTX
Midlothian,TX,midlothianTX
Mineral Wells,TX,
Mission,TX,missionTX
Missouri City,TX,missouricityTX
Mount Pleasant,TX,
Murphy,TX,
Nacogdoches,TX,nacogdochesTX
Nederland,TX,
New Braunfels,TX,newbraunfelsTX
North Richland Hills,TX,northrichlandhillsTX
Odessa,TX,odessaTX
Orange,TX,orangeTX
Palestine,TX,
Palmview,TX,
Pampa,TX,
Paris,TX,parisTX
Pasadena,TX,pasadenaTX
Pearland,TX,pearlandTX
Pflugerville,TX,pflugervilleTX
Pharr,TX,pharrTX
Plainview,TX,
Plano,TX,planoTX
Pleasanton,TX,
Port Arthur,TX,
Port Lavaca,TX,
Portland,TX,
Princeton,TX,
Prosper,TX,prosperTX
Red Oak,TX,
Richardson,TX,
Richmond,TX,richmondTX
Rio Grande City,TX,
Roanoke,TX,
Robinson,TX,
Rockport,TX,
Rockwall,TX,rockwallTX
Rosenberg,TX,rosenbergTX
Round Rock,TX,roundrockTX
Rowlett,TX,rowlettTX
Sachse,TX,
Saginaw,TX,
San Angelo,TX,sanangeloTX
San Antonio,TX,sanantonioTX
San Benito,TX,sanbenitoTX
San Juan,TX,sanjuanTX
San Marcos,TX,sanmarcosTX
Santa Fe,TX,
Schertz,TX,schertzTX
Seabrook,TX,seabrookTX
Seagoville,TX,
Seguin,TX,seguinTX
Selma,TX,
Sherman,TX,shermanTX
Snyder,TX,
Socorro,TX,
South Houston,TX,
Southlake,TX,
Stafford,TX,
Stephenville,TX,
Sugar Land,TX,sugarlandTX
Sweetwater,TX,
Taylor,TX,
Temple,TX,templeTX
Terrell,TX,
Texarkana,TX,texarkanaTX
Texas City,TX,texascityTX
The Colony,TX,thecolonyTX
Tomball,TX,tomballTX
Trophy Club,TX,
Tyler,TX,tylerTX
Universal City,TX,
University Park,TX,
Vernon,TX,
Victoria,TX,victoriaTX
Vidor,TX,
Waco,TX,wacoTX
Watauga,TX,
Waxahachie,TX,waxahachieTX
Weatherford,TX,weatherfordTX
Weslaco,TX,weslacoTX
West University Place,TX,westuniversityplaceTX
White Settlement,TX,
Wichita Falls,TX,wichitafallsTX
Woodway,TX,
Wylie,TX,wylieTX
Alpine,UT,
American Fork,UT,
Bluffdale,UT,
Bountiful,UT,
Brigham City,UT,
Cedar City,UT,
Centerville,UT,
Clearfield,UT,clearfieldUT
Clinton,UT,
Cottonwood Heights,UT,
Draper,UT,draperUT
Eagle Mountain,UT,
Farmington,UT,
Grantsville,UT,
Heber,UT,
Herriman,UT,
Highland,UT,
Holladay,UT,
Kaysville,UT,
Layton,UT,laytonUT
Lehi,UT,lehiUT
Lindon,UT,
Logan,UT,
Magna,UT,
Mapleton,UT,
Midvale,UT,
Millcreek,UT,
Murray,UT,
North Logan,UT,
North Ogden,UT,
North Salt Lake,UT,
Ogden,UT,ogdenUT
Orem,UT,oremUT
Payson,UT,
Pleasant Grove,UT,
Pleasant View,UT,
Provo,UT,provoUT
Riverdale,UT,
Riverton,UT,rivertonUT
Roy,UT,
Salt Lake City,UT,saltlakecityUT
Sandy,UT,sandyUT
Santaquin,UT,
Saratoga Springs,UT,
Smithfield,UT,
South Jordan,UT,southjordanUT
South Ogden,UT,
South Salt Lake,UT,
Spanish Fork,UT,
Springville,UT,
St. George,UT,
Syracuse,UT,
Taylorsville,UT,
Tooele,UT,
Tremonton,UT,
Vineyard,UT,
Washington,UT,
West Haven,UT,
West Jordan,UT,westjordanUT
West Valley City,UT,
Alexandria,VA,alexandriaVA
Blacksburg,VA,blacksburgVA
Bristol,VA,
Charlottesville,VA,
Chesapeake,VA,chesapeakeVA
Christiansburg,VA,
Colonial Heights,VA,
Culpeper,VA,
Danville,VA,danvilleVA
Fairfax,VA,fairfaxVA
Falls Church,VA,fallschurchVA
Fredericksburg,VA,fredericksburgVA
Front Royal,VA,
Hampton,VA,hamptonVA
Harrisonburg,VA,harrisonburgVA
Herndon,VA,herndonVA
Hopewell,VA,
Leesburg,VA,leesburgVA
Loudoun Valley Estates,VA,
Lynchburg,VA,lynchburgVA
Manassas Park,VA,
Manassas,VA,manassasVA
Martinsville,VA,
Newport News,VA,newportnewsVA
Norfolk,VA,norfolkVA
Petersburg,VA,petersburgVA
Poquoson,VA,
Portsmouth,VA,
Radford,VA,
Richmond,VA,richmondVA
Roanoke,VA,roanokeVA
Staunton,VA,
Suffolk,VA,suffolkVA
Vienna,VA,viennaVA
Virginia Beach,VA,
Waynesboro,VA,
Williamsburg,VA,
Winchester,VA,
Bennington,VT,
Brattleboro,VT,
Burlington,VT,burlingtonVT
Colchester,VT,
Essex Junction,VT,
Essex,VT,
Hartford,VT,
Milton,VT,
Rutland,VT,
South Burlington,VT,southburlingtonVT
Williston,VT,
Aberdeen,WA,aberdeenWA
Anacortes,WA,anacortesWA
Arlington,WA,arlingtonWA
Auburn,WA,auburnWA
Bainbridge Island,WA,bainbridgeislandWA
Battle Ground,WA,battlegroundWA
Bellevue,WA,bellevueWA
Bellingham,WA,bellinghamWA
Bonney Lake,WA,bonneylakeWA
Bothell,WA,bothellWA
Bremerton,WA,bremertonWA
Burien,WA,burienWA
Burlington,WA,burlingtonWA
Camas,WA,camasWA
Centralia,WA,centraliaWA
Cheney,WA,cheneyWA
College Place,WA,
Covington,WA,covingtonWA
Des Moines,WA,desmoinesWA
DuPont,WA,
East Wenatchee,WA,eastwenatcheeWA
Edgewood,WA,edgewoodWA
Edmonds,WA,edmondsWA
Ellensburg,WA,ellensburgWA
Enumclaw,WA,enumclawWA
Everett,WA,everettWA
Federal Way,WA,
Ferndale,WA,
Fife,WA,
Gig Harbor,WA,gigharborWA
Grandview,WA,
Issaquah,WA,issaquahWA
Kelso,WA,kelsoWA
Kenmore,WA,kenmoreWA
Kennewick,WA,kennewickWA
Kent,WA,kentWA
Kirkland,WA,kirklandWA
Lacey,WA,laceyWA
Lake Forest Park,WA,lakeforestparkWA
Lake Stevens,WA,lakestevensWA
Lakewood,WA,lakewoodWA
Liberty Lake,WA,libertylakeWA
Lynden,WA,lyndenWA
Lynnwood,WA,lynnwoodWA
Marysville,WA,marysvilleWA
Mercer Island,WA,mercerislandWA
Mill Creek East,WA,
Mill Creek,WA,millcreekWA
Monroe,WA,monroeWA
Moses Lake,WA,moseslakeWA
Mount Vernon,WA,mountvernonWA
Mountlake Terrace,WA,mountlaketerraceWA
Mukilteo,WA,mukilteoWA
Newcastle,WA,
Oak Harbor,WA,oakharborWA
Olympia,WA,olympiaWA
Pasco,WA,pascoWA
Port Angeles,WA,portangelesWA
Port Orchard,WA,portorchardWA
Port Townsend,WA,porttownsendWA
Poulsbo,WA,poulsboWA
Pullman,WA,pullmanWA
Puyallup,WA,puyallupWA
Redmond,WA,redmondWA
Renton,WA,rentonWA
Richland,WA,richlandWA
Ridgefield,WA,ridgefieldWA
Sammamish,WA,sammamishWA
SeaTac,WA,
Seattle,WA,seattleWA
Sedro-Woolley,WA,sedrowoolleyWA
Shelton,WA,
Shoreline,WA,shorelineWA
Snohomish,WA,snohomishWA
Snoqualmie,WA,snoqualmieWA
Spokane Valley,WA,spokanevalleyWA
Spokane,WA,spokaneWA
Sumner,WA,
Sunnyside,WA,sunnysideWA
Tacoma,WA,tacomaWA
Tukwila,WA,
Tumwater,WA,tumwaterWA
University Place,WA,universityplaceWA
Vancouver,WA,vancouverWA
Walla Walla,WA,wallawallaWA
Washougal,WA,washougalWA
Wenatchee,WA,
West Richland,WA,westrichlandWA
Woodinville,WA,woodinvilleWA
Yakima,WA,yakimaWA
Yelm,WA,
Appleton,WI,appletonWI
Ashwaubenon,WI,
Baraboo,WI,barabooWI
Beaver Dam,WI,beaverdamWI
Beloit,WI,beloitWI
Brookfield,WI,brookfieldWI
Brown Deer,WI,
Burlington,WI,burlingtonWI
Caledonia,WI,
De Pere,WI,
DeForest,WI,
Eau Claire,WI,eauclaireWI
Elkhorn,WI,
Fitchburg,WI,fitchburgWI
Fond du Lac,WI,fonddulacWI
Fort Atkinson,WI,fortatkinsonWI
Franklin,WI,
Germantown,WI,
Glendale,WI,glendaleWI
Grafton,WI,
Green Bay,WI,greenbayWI
Greendale,WI,
Greenfield,WI,greenfieldWI
Greenville,WI,
Harrison,WI,
Hartford,WI,hartfordWI
Hartland,WI,
Hudson,WI,hudsonWI
Janesville,WI,janesvilleWI
Kenosha,WI,kenoshaWI
La Crosse,WI,lacrosseWI
Madison,WI,madisonWI
Manitowoc,WI,manitowocWI
Marshfield,WI,
Menasha,WI,menashaWI
Menomonee Falls,WI,menomoneefallsWI
Menomonie,WI,menomonieWI
Mequon,WI,mequonWI
Middleton,WI,middletonWI
Milwaukee,WI,milwaukeeWI
Monroe,WI,monroeWI
Mount Pleasant,WI,
Muskego,WI,muskegoWI
Neenah,WI,
New Berlin,WI,newberlinWI
New Richmond,WI,
Oak Creek,WI,
Oconomowoc,WI,oconomowocWI
Onalaska,WI,
Oregon,WI,
Oshkosh,WI,oshkoshWI
Pewaukee,WI,pewaukeeWI
Platteville,WI,
Pleasant Prairie,WI,
Port Washington,WI,
Portage,WI,
Racine,WI,racineWI
Reedsburg,WI,reedsburgWI
River Falls,WI,riverfallsWI
Salem Lakes,WI,
Sheboygan,WI,sheboyganWI
Shorewood,WI,
South Milwaukee,WI,southmilwaukeeWI
St. Francis,WI,
Stevens Point,WI,stevenspointWI
Stoughton,WI,
Sturgeon Bay,WI,
Suamico,WI,
Superior,WI,superiorWI
Sussex,WI,
Two Rivers,WI,tworiversWI
Verona,WI,veronaWI
Watertown,WI,watertownWI
Waukesha,WI,waukeshaWI
Waunakee,WI,
Wausau,WI,wausauWI
Wauwatosa,WI,wauwatosaWI
West Allis,WI,westallisWI
West Bend,WI,westbendWI
Weston,WI,
Whitefish Bay,WI,
Whitewater,WI,whitewaterWI
Wisconsin Rapids,WI,wisconsinrapidsWI
Beckley,WV,
Bluefield,WV,
Charleston,WV,charlestonWV
Clarksburg,WV,
Fairmont,WV,fairmontWV
Huntington,WV,
Martinsburg,WV,martinsburgWV
Morgantown,WV,morgantownWV
South Charleston,WV,
St. Albans,WV,
Vienna,WV,
Weirton,WV,
Wheeling,WV,
Casper,WY,
Cheyenne,WY,cheyenneWY
Cody,WY,
Evanston,WY,
Gillette,WY,gilletteWY
Green River,WY,
Jackson,WY,
Laramie,WY,laramieWY
Riverton,WY,
Rock Springs,WY,
Sheridan,WY,
